x,action,y,sentence,PMID,year,journal title,organization
agonist clonidine,stimulates,autoreceptors,In diurnal animals, the α2-adrenoceptor agonist clonidine stimulates mainly autoreceptors on SymPN, causing miosis, whereas in nocturnal animals it stimulates postsynaptic α2-arenoceptors in the EWN, causing mydriasis.,30619035,2018,Functional Organization of the Sympathetic Pathways Controlling the Pupil: Light-Inhibited and Light-Stimulated Pathways,Developmental Psychiatry, Queen's Medical Centre, University of Nottingham, Nottingham, United Kingdom.,
information,activate,motor system,Using fMRI, we examined whether these two types of information can activate the motor system in the absence of specific motor-semantic content by manipulating the existence of a sublexical cue, called the hand radical, which strongly indicates the semantic feature "hand-related" and grammatical class "verb.",26226077,2015,Premotor Cortex Activation Elicited During Word Comprehension Relies on Access of Specific Action Concepts,Chinese Academy of Sciences, Beijing, China.,
Glib,abolishes,effect,The sulfonylurea glibenclamide (Glib) abolishes the cardioprotective effect of ischemic preconditioning (IP), presumably by inhibiting mitochondrial K(ATP) channel opening in myocytes.,11425777,2001,Glimepiride, a Novel Sulfonylurea, Does Not Abolish Myocardial Protection Afforded by Either Ischemic Preconditioning or Diazoxide,Hatter Institute for Cardiovascular Studies, University College London Hospital and Medical School, London, UK.,
children,inhibit,output,The findings indicated that children, regardless of age and maltreatment status, could inhibit the output of true and false emotional information, although they did so less effectively than when they were inhibiting the output of neutral material.,21428984,2011,Can Maltreated Children Inhibit True and False Memories for Emotional Information?,Department of Psychology, Lancaster University, Lancaster, UK. mark.howe@lancaster.ac.uk,
binder molecules,bind,affinities,The conjugation of small organic molecules or short peptides to polypeptides from a designed set provides binder molecules that bind proteins with high affinities, and with selectivities that are equal to those of antibodies.,21461620,2011,Crossing Borders to Bind Proteins--A New Concept in Protein Recognition Based on the Conjugation of Small Organic Molecules or Short Peptides to Polypeptides From a Designed Set,Department of Biochemistry and Organic Chemistry, Uppsala University, BMC Box 576, 751 22 Uppsala, Sweden. Lars.Baltzer@biorg.uu.se,
environments,augment,rheotaxis,Overall, our results suggest that marine animals that rely on odor cues to navigate in turbulent environments may augment odor-gated rheotaxis with additional movements that will increase the probability of finding the sources of odors.,26116202,2015,Additional Navigational Strategies Can Augment Odor-Gated Rheotaxis for Navigation Under Conditions of Variable Flow,*Department of Mathematics, Statistics and Computer Science, St Francis Xavier University, P.O. Box 5000, Antigonish, Nova Scotia, Canada B2G 2W5;,
hexapeptide@@@P-loop atoms,bind@@@bind,phosphate@@@phosphate ligand,It is likely the main chain NH groups of the hexapeptide bind phosphate in much the same way as the corresponding P-loop atoms bind the phosphate ligand in proteins.,22275093,2012,A Synthetic Hexapeptide Designed to Resemble a Proteinaceous P-loop Nest Is Shown to Bind Inorganic Phosphate,Department of Chemistry Ugo Schiff, University of Firenze, 50019 Sesto Fiorentino, Italy.,
peptides,bind,II,Here we report the novel discovery of a neuropeptide precursor that gives rise to a "cocktail" of peptides that bind Cu(II)/Ni(II) and form ternary complexes--the L-type SALMFamide precursor in the starfish Asterias rubens.,26475641,2015,Identification of a Neuropeptide Precursor Protein That Gives Rise to a "Cocktail" of Peptides That Bind Cu(II) and Generate Metal-Linked Dimers,School of Science and Health, Western Sydney University, Locked bag 1797, Penrith, 2751, New South Wales, Australia. Electronic address: c.jones@uws.edu.au.,
children,require,nutrition,The ability of children to withstand starvation is limited and, unlike adults, children require nutrition for growth.,16923305,2006,Managing Children and Adolescents on Parenteral Nutrition: Challenges for the Nutritional Support Team,nan,
cells@@@cells,bind@@@bind,hyaluronan@@@hyaluronan,Despite substantial knowledge of where and when immune cells bind hyaluronan, why immune cells bind hyaluronan remains a major outstanding question.,25926830,2015,The Where, When, How, and Why of Hyaluronan Binding by Immune Cells,Department of Microbiology and Immunology, Life Sciences Institute, University of British Columbia , Vancouver, BC , Canada.,
encapsulation genes,abolishes,virulence,Even though the interruption of genes encoding selected proteins has been shown to attenuate virulence to some degree, the physical removal of the pneumococcal capsule or the interruption of encapsulation genes completely abolishes virulence in mice.,7588820,1995,Pneumococcal Virulence Factors and Host Immune Responses to Them,Department of Veterinary and Microbiological Sciences, North Dakota State University, Fargo 58105, USA.,
Pacemaker implantation,prevent,tachyarrhythmias,Pacemaker implantation may prevent atrial tachyarrhythmias by preventing bradycardia and pauses.,15172660,2004,How Do Atrial Pacing Algorithms Prevent Atrial Arrhythmias?,Department of Cardiology, Eastbourne General Hospital, Eastbourne, UK. mitcharj@doctors.org.uk,
vection,was inhibited by,locomotion,The results revealed that vection was inhibited by inconsistent locomotion, but facilitated by consistent locomotion.,21936303,2011,Inconsistent Locomotion Inhibits Vection,Faculty of Design, Kyushu University, 4-9-1 Shiobaru, Minami-ku, Fukuoka 815-8540, Japan. seno@design.kyushu-u.ac.jp,
ObEO,induced,hemoglobin accumulation,ObEO induced dose-dependent hemoglobin accumulation superior to hydroxyurea and rapamycin and a strongest γ-globin mRNA expression.,29447985,2018,Selected Terpenes From Leaves of Ocimum Basilicum L. Induce Hemoglobin Accumulation in Human K562 Cells,Dept. of Chemistry and Pharmaceutical Sciences, University of Ferrara, Ferrara, Italy.,
collections,require,instrumentation,More complex collections may require transluminal instrumentation with lavage, debridement, and necrosectomy.,31313686,2019,Treatment of Walled-Off Pancreatic Necrosis,Division of Digestive Diseases, Department of Medicine, Emory University School of Medicine, Atlanta, Georgia, USA.,
SERMs,prevent,ERalpha+ tumors,It is clear from three randomised trials that SERMs prevent ERalpha+ tumors only in women at increased risk and at population risk of BC entered into these trials.,18497044,2008,Response and Resistance to the Endocrine Prevention of Breast Cancer,CRC Department Medical Oncology, University of Manchester Christie Hospital and Holt Radium Inst., Manchester, UK.,
aptamers,bind,molecules,Crystal structures have recently been reported for several in vitro selected aptamers that bind small molecules,9261068,1997,A Biopolymer by Any Other Name Would Bind as Well: A Comparison of the Ligand-Binding Pockets of Nucleic Acids and Proteins,Department of Chemistry, Indiana University, Bloomington 47405, USA.,
imagery@@@imagery@@@imagery,activated@@@activated@@@activated,areas@@@lobule@@@areas,Partially confirming our hypotheses, common and distinct brain activity provides initial biological validation for imagery abilities delineated in the MIQ-3: kinesthetic imagery activated motor-related areas, internal visual imagery activated inferior parietal lobule, and external visual imagery activated temporal, but no occipital areas.,26442772,2014,Biological Evidence of Imagery Abilities: Intraindividual Differences,Athletic Training Program, College of Health Sciences, Charleston Southern University, Charleston, South Carolina.,
trains,activate,regions,One possibility for the difference in effectiveness of intracortical microstimulation is that long trains activate much larger regions of the brain,21873212,2011,Optical Imaging in Galagos Reveals Parietal-Frontal Circuits Underlying Motor Behavior,Department of Psychology, Vanderbilt University, Nashville, TN 37203, USA.,
process,inhibits,task,The process that inhibits a recently performed task when a new task is to be performed is referred to as 'backward inhibition' (BI).,26803755,2016,The System Neurophysiological Basis of Backward Inhibition,Cognitive Neurophysiology, Department of Child and Adolescent Psychiatry, Faculty of Medicine of the TU Dresden, Schubertstraße 42, 01309, Dresden, Germany.,
projection neuron,activates,versions,A projection neuron, MCN1, activates distinct versions of the rhythms, and we show that hormonal dopamine concentrations modulate the MCN1 elicited rhythm frequencies.,20522781,2009,Hormonal Modulation of Two Coordinated Rhythmic Motor Patterns,Department of Biology, Case Western Reserve University, Degrace Hall 106, Cleveland, Ohio 44106, USA. dew6@case.edu,
jasmonates,induce,production,In order to test whether jasmonates can effectively induce the production and secretion of Nod factors (lipo-chitooligosaccharides, LCOs) from B. japonicum, we induced two B. japonicum strains, 532C and USDA3, with jasmonic acid (JA), methyl jasmonate (MeJA) and genistein (Ge).,17107814,2006,Jasmonates Induce Nod Factor Production by Bradyrhizobium Japonicum,Plant Science Department, Macdonald Campus of McGill University, 21,111 Lakeshore Road, Sainte-Anne-de-Bellevue, Que., Canada. Donald.Smith@McGill.Ca,
left,inhibited,motor responses,Although inferior to the right, the left hemisphere inhibited motor responses on inhibitory trials in all three tasks. ,28238766,2017,A Split-Brain Case Study on the Hemispheric Lateralization of Inhibitory Control,Department of Psychiatry, University of Vermont, Burlington, VT, USA. Electronic address: ndalbert@uvm.edu.,
PKR-dependent SIN mechanism,abolishes,vector mobilization,This study establishes opposite orientation expression cassettes as an additional PKR-dependent SIN mechanism that abolishes vector mobilization from integrated and episomal SIN lentiviral vectors.,30190607,2018,Superior Lentiviral Vectors Designed for BSL-0 Environment Abolish Vector Mobilization,Gene Therapy Center, University of North Carolina at Chapel Hill, Chapel Hill, NC, 27599, USA.,
melanomas,down-regulate,CD1 molecules,Our findings suggest that metastatic but not primary melanomas can down-regulate CD1 molecules on infiltrating dendritic cells by secreting IL-10 which may represent a novel way to escape the immune response directed against the tumor.,15579430,2004,Metastatic Melanoma Secreted IL-10 Down-Regulates CD1 Molecules on Dendritic Cells in Metastatic Tumor Lesions,Department of Dermatological Sciences, University of Florence Medical School, Florence, Italy.,
athletes,require,protein,Different agencies have set requirement levels for daily protein intakes for the general population; however, the question of whether strength-trained athletes require more protein than the general population is one that is difficult to answer.,15212752,2004,Protein Requirements and Supplementation in Strength Sports,Exercise Metabolism Research Group, Department of Kinesiology, McMaster University, Hamilton, Ontario, Canada. phillis@mcmaster.ca,
participants,inhibit,memories,Using the Think/No-think paradigm, this study examined whether participants can inhibit neutral and negatively valenced memories, using a uniform direct suppression strategy.,23387794,2013,Emotional and Non-Emotional Memories Are Suppressible Under Direct Suppression Instructions,Institute of Psychology, Erasmus University Rotterdam, Rotterdam, The Netherlands. k.vanschie@fsw.eur.nl,
CCNs,bind,HSPGs,CCNs also bind cell surface heparan sulfate proteoglycans (HSPGs), low density liproprotein receptor-related proteins (LRPs), and the cation-independent mannose-6-phosphate (M6P) receptor, which are endocytic receptors that may also serve as co-receptors in cooperation with other cell surface receptors.,27098435,2016,Cell Surface Receptors for CCN Proteins,Department of Biochemistry and Molecular Genetics, College of Medicine, University of Illinois at Chicago, 900 South Ashland Avenue, Chicago, IL, 60607, USA. lflau@uic.edu.,
Subjects@@@target onset,required@@@inhibit,saccade@@@saccades,Subjects were required to freely viewed the emotional faces and make a saccade quickly upon target onset, but inhibit their initial saccades and redirect gaze to the second target if it appeared.,28982265,2017,Task-irrelevant Emotional Faces Impair Response Adjustments in a Double-Step Saccade Task,a Key Laboratory for NeuroInformation of Ministry of Education , School of Life Science and Technology, Center for Information in Medicine, University of Electronic Science and Technology of China , Chengdu , People's Republic of China.,
injuries,prevented,policies,We also know that many injuries can be prevented through policies, programs, and resources that ensure safe environments and promote safe behaviors.,27141210,2016,Primary Care Opportunities to Prevent Unintentional Home Injuries: A Focus on Children and Older Adults,Johns Hopkins Center for Injury Research and Policy, Johns Hopkins Bloomberg School of Public Health, Baltimore, Maryland (EMM, WCS, ACG); and Division of Analysis, Research, and Practice Integration (KM) and Division of Unintentional Injury Prevention (RL), National Center for Injury Prevention and Control, Centers for Disease Control and Prevention, Atlanta, Georgia.,
individuals@@@information,inhibit@@@requires,responses@@@ToM,Results indicate that alcohol-intoxicated individuals can inhibit negative responses to negative social information, but display difficulty inhibiting negative responses to social information that requires ToM.,29392372,2018,Inhibiting Automatic Negative Social Responses in Alcohol Intoxication: Interactions With Theory of Mind Ability and Level of Task Guidance,Brain and Mind Centre, School of Psychology, University of Sydney, Sydney, Australia. emma.g.johnson@sydney.edu.au.,
drugs,down-regulate,osteoclast activity,Drug-supported osseointegration; drug-enhanced osteoblast activity; drugs that down-regulate osteoclast activity; drugs that influence titanium implant osseointegration; titanium implant.,28030966,2017,Systemic Drugs That Influence Titanium Implant Osseointegration,a Department of Orthopaedics and Traumatology , Iuliu Hatieganu University of Medicine and Pharmacy , Cluj-Napoca , Romania.,
,,,In this procedure, the animals have to inhibit their urge of going to a previous reinforced place.,30421377,2019,Training Improves Inhibitory Control in Water Rescue Dogs,Canid Behavior Research Group (ICOC), Institute of Veterinary Sciences of the Litoral (ICIVET Litoral), UNL-CONICET, Santa Fe, Argentina.,
compression stockings,prevent,VTE,CLOTS 1 and CLOTS 2 question whether graduated compression stockings prevent VTE and suggest the need for further trials evaluating their efficacy in medical and surgical patients.,21346697,2011,Graduated Compression Stockings to Prevent Venous Thromboembolism in Hospital: Evidence From Patients With Acute Stroke,Department of Medicine, McMaster University, Ontario, Canada. kearonc@mcmaster.ca,
PL stimulation,activates,network,The PL stimulation activates a neural network projecting to the amygdala via NMDA receptor-mediated glutamatergic neurotransmission,25645866,2015,Induction of c-Fos Immunoreactivity in the Amygdala of Mice Expressing Anxiety-Like Behavior After Local Perfusion of Veratrine in the Prelimbic Medial Prefrontal Cortex,Department of Neuropsychopharmacology, National Institute of Mental Health, National Center of Neurology and Psychiatry, 4-1-1 Ogawahigashimachi, Kodaira, Tokyo, 187-8553, Japan.,
meal,augment,BP responses,The purpose of this study was to test the hypothesis that an acute high-Na+ meal would augment BP responses during dynamic exercise.,31238011,2019,A High-Salt Meal Does Not Augment Blood Pressure Responses During Maximal Exercise,nan,
Bacterial cell wall polysaccharides@@@Bacterial cell wall polysaccharides@@@monocytes/macrophages,bind@@@activate@@@activate,TLR-2@@@TLR-2@@@inflammation,Bacterial cell wall polysaccharides, such as PGN, bind and activate TLR-2, NOD2 and PGRP on monocytes/macrophages and activate inflammation.,21188584,2010,A Peptidoglycan Monomer With the Glutamine to Serine Change and Basic Peptides Bind in Silico to TLR-2 (403-455),Department of Melanoma Medical Oncology, The University of Texas MD Anderson Cancer Center, 1515 Holcombe Blvd, Houston, TX 77030, USA. yim_lee80@hotmail.com,
blood monocytes,bind,bacteria,Here we show that human peripheral blood monocytes can, in addition, bind intact Gram-negative bacteria in the presence of serum and this process involves CD14.,7539760,1995,Both Membrane-Bound and Soluble Forms of CD14 Bind to Gram-Negative Bacteria,Institut für Immunologie und Transfusionsmedizin, Klinikum, Ernst-Moritz-Arndt-Universität, Greifswald, Germany.,
ego,inhibits,part,In a person with an ego inhibition, the ego inhibits a part of its own functioning because a particular function is linked to an unacceptable impulse.,15367835,2004,Ego Constriction,Department of Psychiatry, University of Michigan, USA. brakel@umich.edu,
inhibition,requires,neurons,Such flexible categorization cannot be achieved by lateral inhibition alone but also requires that the inhibitory neurons reciprocally inhibit each other.,22243742,2012,Adaptive Switches in Midbrain Circuits,Computational Neurobiology Laboratory, The Salk Institute for Biological Studies, La Jolla, CA 92186, USA. sharpee@salk.edu,
larvae,induced,chemical cues,Settlement of pelagic coral larvae is commonly induced by chemical cues that originate from biofilms and coralline algae.,30783133,2019,Neuroactive Compounds Induce Larval Settlement in the Scleractinian Coral Leptastrea Purpurea,nan,
infants,required,ligation,In total, 104 infants were included in the study. In the group of infants born <26 weeks of gestational age and requiring ibuprofen for PDA (n = 34), 12 infants ultimately required surgical ligation.,25263829,2015,Preterm Infants Who Later Require Duct Ligation Show Different Vital Signs and pH in Early Postnatal Life,Division of Neonatology, Pediatric Intensive Care and Neuropediatrics, Department of Pediatrics and Adolescent Medicine, Medical University of Vienna, Vienna, Austria.,
girls,inhibit,sexuality,The thesis offered goes beyond separation-individuation theory in suggesting that girls may inhibit sexuality and aggression, and themselves more generally, due to a representation of self as "not having what it takes" genitally, and then bodily and psychically.,18430703,2008,Sex and Shame: The Inhibition of Female Desires,Psychoanalytic Institute of Northern California, USA. elised@earthlink.net,
fingers,bind,ligands,In contrast to proteins with triple-C2H2 fingers, proteins with multiple-adjacent-C2H2 fingers can bind multiple, different ligands,11361095,2001,Three Classes of C2H2 Zinc Finger Proteins,Department of Cell Biology, Harvard Medical School, Boston, Massachusetts 02115, USA. shiro_iuchi@hms.harvard.edu,
surface antigen PfEMP1,bind,chondroitin,Forms of the variant surface antigen PfEMP1 that bind chondroitin sulfate A in vitro (PfEMP1(varCSA)) are highly conserved in many field isolates.,12941407,2003,Plasmodium Falciparum Adhesion in the Placenta,Malaria Antigen Discovery Program, Seattle Biomedical Research Institute, 4 Nickerson ST STE 200, Seattle, WA 98109-1651, USA. patrick.duffy@sbri.org,
RasGAPs,down-regulate,activity,Ras-specific GTPase-activating proteins (RasGAPs) down-regulate the biological activity of Ras proteins by accelerating their intrinsic rate of GTP hydrolysis, basically by a transition state stabilizing mechanism.,30104198,2019,Ras-Specific GTPase-Activating Proteins-Structures, Mechanisms, and Interactions,Division of Biological Chemistry (Biocenter), Medical University of Innsbruck, A-6020 Innsbruck, Austria.,
people,inhibit,retrieval,Directed forgetting research shows that people can inhibit the retrieval of words that they were previously instructed to forget.,12097208,2002,False Memories Are Hard to Inhibit: Differential Effects of Directed Forgetting on Accurate and False Recall in the DRM Procedure,Department of Psychology, Wesleyan University, Middletown, Connecticut 06459, USA. jseamon@wesleyan.edu,
acid,induced,settlement,Dopamine, glutamic acid and epinephrine significantly induced settlement in the coral larvae.,30783133,2019,Neuroactive Compounds Induce Larval Settlement in the Scleractinian Coral Leptastrea Purpurea,nan,
CNO@@@neurons,activated@@@induced,neurons@@@hyperactivity,The results showed that CNO selectively activated midbrain dopaminergic neurons and induced hyperactivity in a dose-dependent manner, supporting the idea that these neurons play an important role in regulating motor activity.,23516143,2013,Pharmacogenetic Activation of Midbrain Dopaminergic Neurons Induces Hyperactivity,First Hospital, Jilin University, Changchun, 130021, China.,
Laparoscopic operation technique,prevents,hernia formation,Laparoscopic operation technique prevents incisional hernia formation.,32238111,2019,[Prophylaxis of Incisional Hernia - Are They Preventable?],Universitätsklinik für Viszerale Chirurgie und Medizin, Inselspital und Universität Bern.,
haloperidol,activates,neurons,Our results show that haloperidol, a DA D2-class receptor antagonist, activates c-Fos predominantly in enkephalin-positive striatal neurons, which project to the globus pallidus and are thought to mediate motor inhibition.,12048106,2002,Molecular Dissection of Dopamine Receptor Signaling,Departments of Psychiatry and Behavioral Sciences, Albert Einstein College of Medicine, 1300 Morris Park Avenue, Bronx, NY, USA.,
readers,activate,motor codes,The results suggest that readers activate motor codes when reading story actions, which supports an embodied view.,21763635,2011,The Influence of Motor Simulations on Language Comprehension,Penn State University, York Campus, 1031 Edgecomb Avenue, York, PA 17403 USA. mac13@psu.edu,
PMPs,augment,capacities,Accordingly, we investigated whether PMPs could augment the neovascularization-related capacities of atherosclerotic patient-derived CACs in vitro and in vivo and if so, the associated mechanisms.,23433826,2013,Platelet-derived Microparticles Augment the Adhesion and Neovascularization Capacities of Circulating Angiogenic Cells Obtained From Atherosclerotic Patients,nan,
facilitate,inhibit,thoughts,Sexual behavior is the open manifestation of a complex interplay between psychophysiological mechanisms that either facilitate or inhibit sexual thoughts, desires, and associated behaviors.,30671876,2019,The Role of Inhibitory Control Mechanisms in the Regulation of Sexual Behavior,Department of Cognitive Neuroscience, Faculty of Psychology and Neuroscience, Maastricht University, Oxfordlaan 55, 6229 EV, Maastricht, The Netherlands. geraldine.rodriguez@maastrichtuniversity.nl.,
agents,stimulate,sGC,Stimulators of soluble guanylate cyclase (sCG) are novel pharmacological agents that directly stimulate sGC.,25405174,2014,Riociguat: PATENT-1 Study,Aswan Heart Centre, Aswan, Egypt, Aswan, Egypt.,
,,,In the present study, we tested whether one must inhibit the truth to deceive in light of inconsistent findings in the literature.,30176515,2018,Stop in the Name of Lies: The Cost of Blocking the Truth to Deceive,Laboratory for the Psychology of Child Development and Education, CNRS Unit 8240, Paris, France; Paris Descartes University (USPC), Paris, France; University of Caen Normandy, Caen, France. Electronic address: ania.aite@parisdescartes.fr.,
power,augments,plantarflexion,We partition exosuit end-effector power (i.e., power output from the device) into power that augments ankle plantarflexion (termed augmentation power) vs. power that goes into deformation and motion of interface materials and underlying soft tissues (termed interface power).,28521803,2017,Physical Interface Dynamics Alter How Robotic Exosuits Augment Human Movement: Implications for Optimizing Wearable Assistive Devices,Department of Mechanical Engineering, Vanderbilt University, 2301 Vanderbilt Place, PMB 401592, Nashville, TN, 37240-1592, USA. matthew.yandell@vanderbilt.edu.,
reading,activates,speech cortices,Speech and reading activates the upper, anterior and posterior speech cortices, as well as the face, tongue and mouth area.,773518,1976,Functional Landscapes of the Dominant Hemisphere,No data,
NaCl,stimulate,nerves,We have attempted to clarify whether or not relatively high concentrations of NaCl stimulate the trigeminal nerves of the human tongue.,17573572,2007,A High-Concentration NaCl Solution Does Not Stimulate the Human Trigeminal Nerve at the Tip of the Tongue,Department of Otolaryngology, Nihon University School of Medicine, Tokyo. k-ayako@crux.ocn.ne.jp,
miRNAs@@@regions,bind@@@down-regulate,target mRNA@@@expression,Our method may be more widely applicable for identifying miRNAs that bind target mRNA 3'UTR regions and down-regulate the expression of proteins encoded by these mRNAs.,24245745,2013,A Useful Method of Identifying of miRNAs Which Can Down-Regulate Zeb-2,Department of Nephrology and endocrinology, University of Tokyo School of Medicine, 113-8655, 7-3-1, Hongo, Bunkyo-ku, Tokyo, Japan. sooba-npr@umin.ac.jp.,
group size,inhibited,intervention,In Study 1, increasing group size inhibited intervention in a street violence scenario when bystanders were strangers but encouraged intervention when bystanders were friends.,19025293,2008,The Responsive Bystander: How Social Group Membership and Group Size Can Encourage as Well as Inhibit Bystander Intervention,Department of Psychology, Lancaster University, Lancaster, United Kingdom. m.levine@lancaster.ac.uk,
,,,CD14 has been shown to bind components of the Gram-positive cell wall and it also binds soluble lipopolysaccharide released from Gram-negative bacteria.,7539760,1995,Both Membrane-Bound and Soluble Forms of CD14 Bind to Gram-Negative Bacteria,Institut für Immunologie und Transfusionsmedizin, Klinikum, Ernst-Moritz-Arndt-Universität, Greifswald, Germany.,
,,,AYHSALPF-NH2 and GYHSGLPF-NH2 bind Cu(II) and Ni(II) and generate metal-linked dimers to form ternary complexes with LHSALPF-NH2.,26475641,2015,Identification of a Neuropeptide Precursor Protein That Gives Rise to a "Cocktail" of Peptides That Bind Cu(II) and Generate Metal-Linked Dimers,School of Science and Health, Western Sydney University, Locked bag 1797, Penrith, 2751, New South Wales, Australia. Electronic address: c.jones@uws.edu.au.,
techniques,augment,bone,Various techniques can augment bone horizontally and vertically, but it is unclear which are the most efficient.,20467628,2009,The Efficacy of Horizontal and Vertical Bone Augmentation Procedures for Dental Implants - A Cochrane Systematic Review,The University of Manchester, Manchester, UK. espositomarco@hotmail.com,
anemia,down-regulate,hepcidin,In nontransfused beta thalassemia patients, erythropoiesis,anemia and hypoxia down-regulate hepcidin, the master regulator of iron homeostasis.,21705976,2011,Pathophysiology of Beta Thalassaemia,Unitá di Ricerca Clinica Fase 1 srl-A.O. G.Brotzu-Cagliari, Italy.,
Directed forgetting instructions,inhibited,recall,Directed forgetting instructions inhibited the accurate recall of studied words, but not the false recall of nonstudied critical words, whether measured by a within-participant or between-participants design.,12097208,2002,False Memories Are Hard to Inhibit: Differential Effects of Directed Forgetting on Accurate and False Recall in the DRM Procedure,Department of Psychology, Wesleyan University, Middletown, Connecticut 06459, USA. jseamon@wesleyan.edu,
mind,activates,areas,Others emphasize that intention recognition is an inferential process, often called "mentalizing" or employing a "theory of mind," which activates areas well outside the motor system [4-6].,18356050,2008,Complementary Systems for Understanding Action Intentions,F.C. Donders Centre for Cognitive Neuroimaging, Radboud University, NL-6500 HB, Nijmegen, Netherlands. florisdelange@gmail.com,
stimulation trains,activate,foci,Shorter stimulation trains activate the same frontal foci but less strongly, showing that longer stimulus trains do not produce less specification.,21873212,2011,Optical Imaging in Galagos Reveals Parietal-Frontal Circuits Underlying Motor Behavior,Department of Psychology, Vanderbilt University, Nashville, TN 37203, USA.,
MCN1,activates,networks,The modulatory neuron modulatory commissural neuron 1 (MCN1) activates and modulates two networks that generate rhythms via different cellular mechanisms and at distinct frequencies.,27030739,2015,Network Feedback Regulates Motor Output Across a Range of Modulatory Neuron Activity,Department of Biology, Miami University, Oxford, Ohio.,
,,,Inhibitory control has been frequently measured using the detour task: a desired reward is placed behind a transparent barrier, and the animal has to inhibit the tendency to directly move toward the goal, instead making a detour around the barrier.,30138659,2018,Factors Affecting the Measure of Inhibitory Control in a Fish (Poecilia Reticulata),Department of General Psychology, University of Padova, Padova, Italy. Electronic address: elia.gatto@phd.unipd.it.,
cells,down-regulate,expression,Our results demonstrate that intestinal epithelial cells down-regulate IL-8 expression in HMEC-1 cells.,9844046,1998,Human Intestinal Epithelial Cells Down-Regulate IL-8 Expression in Human Intestinal Microvascular Endothelial Cells; Role of Transforming Growth Factor-Beta 1 (TGF-beta1),Department of Medicine B, Institute of Experimental Dermatology, University of Münster, Germany.,
cells,down-regulate,MHC-I,Natural killer (NK) cells are innate lymphocytes that are thought to kill cells that down-regulate MHC class I (MHC-I) through "missing-self" recognition.,30559128,2019,Inducible Down-Regulation of MHC Class I Results in Natural Killer Cell Tolerance,Division of Rheumatology, Department of Medicine, Washington University School of Medicine, St. Louis, MO.,
nucleus,bind,RNAs,The four different rings in the nucleus that permanently bind small nuclear RNAs and function in pre-mRNA maturation are called Sm rings.,16051491,2005,LSm Proteins Form Heptameric Rings That Bind to RNA via Repeating Motifs,Department of Pathology, Stony Brook University, Stony Brook, NY 11794-8691, USA.,
A3-luc-Fib-L-3'UTR-SV40 ],down-regulate,expression,The results showed that luciferase activity was reduced significantly (P<0.05) in BmN cells co-transfected by pcDNA3.0 [ie1-egfp-pri-bmo-miR-0001-SV40] or pcDNA3.0 with pGL3.0 [A3-luc-Fib-L-3'UTR-SV40], suggesting that both bmo-miR-0001 and bmo-miR-0015 can down-regulate the expression of BmFib-L in vitro.,26834013,2016,bmo-miR-0001 and bmo-miR-0015 Down-Regulate Expression of Bombyx Mori Fibroin Light Chain Gene in Vitro,Jiangsu Key Laboratory of Sericultural Biology and Biotechnology, School of Biotechnology, Jiangsu University of Science and Technology, Zhenjiang 212003, China.,
MA,activated,TGF-beta,Intraperitoneal (i.p.) administration of MA activated TGF-beta in CSF in rats and depressed SMA; 2-deoxyglucose, an inhibitor of carbohydrate oxidation, on the other hand, depressed SMA but failed to activate CSF TGF-beta.,20619281,2010,Inhibition of Fatty Acid Oxidation Activates Transforming Growth Factor-Beta in Cerebrospinal Fluid and Decreases Spontaneous Motor Activity,Laboratory of Nutrition Chemistry, Division of Food Science and Biotechnology, Graduate School of Agriculture, Kyoto University, Japan.,
strains,down-regulate,sclerostin expression,Increases in loading-engendered strains down-regulate osteocyte sclerostin expression, whereas reduced strains, as in disuse, are associated with increased sclerostin production and bone loss.,27742499,2017,Sclerostin's Role in Bone's Adaptive Response to Mechanical Loading,Newlife Birth Defects Research Centre, Institute of Child Health, University College London, London WC1N 1EH, United Kingdom; School of Veterinary Sciences, University of Bristol, Langford House, Langford, Bristol BS40 5DU, United Kingdom. Electronic address: g.galea@ucl.ac.uk.,
extinction context,inhibit,response,In operant extinction, in contrast, the extinction context may directly inhibit the response, and the conditioning context can directly excite it.,27720958,2016,Occasion Setting, Inhibition, and the Contextual Control of Extinction in Pavlovian and Instrumental (Operant) Learning,University of Vermont, United States.,
individuals,inhibit,responses,The aim of this study was to examine whether intoxicated individuals could inhibit automatic negative responses to negative social information, whether these difficulties were reliant on theory of mind (ToM) ability and whether intoxicated individuals were able to adjust verbal responses when provided with guidelines about how to respond.,29392372,2018,Inhibiting Automatic Negative Social Responses in Alcohol Intoxication: Interactions With Theory of Mind Ability and Level of Task Guidance,Brain and Mind Centre, School of Psychology, University of Sydney, Sydney, Australia. emma.g.johnson@sydney.edu.au.,
proteins,bind,β-phosphate,It was designed as a minimal soluble peptide that would be likely to have the phosphate-binding properties observed in the P-loops of proteins that bind the β-phosphate of GTP or ATP.,22275093,2012,A Synthetic Hexapeptide Designed to Resemble a Proteinaceous P-loop Nest Is Shown to Bind Inorganic Phosphate,Department of Chemistry Ugo Schiff, University of Firenze, 50019 Sesto Fiorentino, Italy.,
Periplaneta AKHs,activate,Gs proteins,The two Periplaneta AKHs activate Gs proteins, and AKH I also potently activates Gq proteins.,18220952,2007,Metabolic Regulation and Behavior: How Hunger Produces Arousal - An Insect Study,Department of Evolutionary Neuroethology, Max Planck Institute for Chemical Ecology, Hans-Knoell-Str. 8, 07745 Jena, Germany. dwicher@ice.mpg.de,

agonist clonidine,stimulates,autoreceptors,Necl-2/CADM1 is down-regulated by the promoter hypermethylation and/or the loss of heterozygosity at chromosome 11q23.2 in many types of cancers and serves as a tumor suppressor by interacting in cis with ErbB3 and suppressing the ligand-induced ErbB2/ErbB3 signaling for cell movement and death.,23301758,2013,miR-214 and Hypoxia Down-Regulate Necl-2/CADM1 and Enhance ErbB2/ErbB3 Signaling,Division of Molecular and Cellular Biology, Department of Biochemistry and Molecular Biology, Kobe University Graduate School of Medicine, 7-5-1 Kusunoki-cho, Chuo-ku, Kobe, 650-0017, Japan.,
information,activate,motor system,While light stimulates the parasympathetic output, giving rise to the light reflex, it can both inhibit and stimulate the sympathetic output.,30619035,2018,Functional Organization of the Sympathetic Pathways Controlling the Pupil: Light-Inhibited and Light-Stimulated Pathways,Developmental Psychiatry, Queen's Medical Centre, University of Nottingham, Nottingham, United Kingdom.,
Glib,abolishes,effect,Many domains that bind the ubiquitin hydrophobic patch also bind NEDD8 while no domain that specifically binds NEDD8 has yet been described.,30659753,2019,Selectivity of the CUBAN Domain in the Recognition of Ubiquitin and NEDD8,Department of Biology, Tor Vergata University, Rome, Italy.,
children,inhibit,output,Depending on the solution conditions, Eco SSB can bind ssDNA in several different modes, which display quite different properties, including cooperativity.,7979247,1994,Escherichia Coli Single-Stranded DNA-binding Protein: Multiple DNA-binding Modes and Cooperativities,Department of Biochemistry and Molecular Biophysics, Washington University School of Medicine, St. Louis, Missouri 63110.,
binder molecules,bind,affinities,Brain imaging research shows that viewing tools activates regions of the cortex implicated in performing actions with that tool.,30816789,2019,Investigating Grounded Conceptualization: Stimulus-response Compatibility for Tool Handles Is Due to Spatial Attention,Department of Psychology, University of Pennsylvania.,
environments,augment,rheotaxis,Here, we describe studies of three streptococcal proteins that bind IgA: the Sir22 and Arp4 proteins of Streptococcus pyogenes and the unrelated beta protein of group B streptococcus.,11096107,2001,Streptococcal IgA-binding Proteins Bind in the Calpha 2-Calpha 3 Interdomain Region and Inhibit Binding of IgA to Human CD89,Department of Molecular and Cellular Pathology, University of Dundee Medical School, Ninewells Hospital, Dundee DD1 9SY, United Kingdom.,
hexapeptide@@@P-loop atoms,bind@@@bind,phosphate@@@phosphate ligand,Mild oxidative stress caused by moderate physical activity can activate cellular stress response signaling and potentiate cellular antioxidant defense capacity,21793853,2011,Effects of Physical Activity on Cancer Prevention,Department of Food and Nutrition, College of Human Ecology, Sungshin Women's University, Seoul, South Korea. yogeshwer_shukla@hotmail.com,
peptides,bind,II,Our goal was to use a mathematical model to test the hypothesis that strategies that augment odor-gated rheotaxis would be beneficial for finding the source of an odor plume in such variable flow.,26116202,2015,Additional Navigational Strategies Can Augment Odor-Gated Rheotaxis for Navigation Under Conditions of Variable Flow,*Department of Mathematics, Statistics and Computer Science, St Francis Xavier University, P.O. Box 5000, Antigonish, Nova Scotia, Canada B2G 2W5;,
children,require,nutrition,In conclusion, cleavage of anti-PF4/H IgG by IdeS abolishes heparin-dependent cellular activation induced by HIT antibodies. IdeS injection could be a potential treatment of patients with severe HIT.,30917957,2019,Cleavage of anti-PF4/heparin IgG by a Bacterial Protease and Potential Benefit in Heparin-Induced Thrombocytopenia,EA 7501, Innovation and Cell Targeting Group, Université de Tours, Tours, France.,
cells@@@cells,bind@@@bind,hyaluronan@@@hyaluronan,We study two electrically coupled interneurons, cerebral-buccal interneuron-2 (CBI-2) and CBI-11, which activate feeding motor programs in the mollusk Aplysia californica.,24806677,2014,Complementary Interactions Between Command-Like Interneurons That Function to Activate and Specify Motor Programs,Department of Neuroscience and Friedman Brain Institute, Mount Sinai School of Medicine, New York, New York 10029, and State Key Laboratory of Pharmaceutical Biotechnology, School of Life Sciences, Nanjing University, Jiangsu 210093, China.,
encapsulation genes,abolishes,virulence,During motor imagery tasks, patients with early right brain damages activated bilateral fronto-parietal network that comprise most of the nodes of the network well described in healthy subjects.,24718311,2014,Effect of Motor Imagery in Children With Unilateral Cerebral Palsy: fMRI Study,LUNAM; Université d'Angers, Laboratoire d'Ingénierie des Systèmes Automatisés (LISA), Nantes, France; LUNAM, Université d'Angers, Département de Médecine Physique et de Réadaptation, Nantes, France.,
Pacemaker implantation,prevent,tachyarrhythmias,A structural comparison of these aptamers with proteins that bind identical ligands reveals similar strategies for forming ligand-binding pockets.,9261068,1997,A Biopolymer by Any Other Name Would Bind as Well: A Comparison of the Ligand-Binding Pockets of Nucleic Acids and Proteins,Department of Chemistry, Indiana University, Bloomington 47405, USA.,
vection,was inhibited by,locomotion,Also noteworthy is that very few proteins bind their own mRNAs that are not associated with ribosome function.,26953650,2016,The Ribosome as a Missing Link in Prebiotic Evolution II: Ribosomes Encode Ribosomal Proteins That Bind to Common Regions of Their Own mRNAs and rRNAs,Department of Physiology, Michigan State University, East Lansing, MI 48824, USA. Electronic address: rootbern@msu.edu.,
ObEO,induced,hemoglobin accumulation,Here we demonstrate that 18-month-olds can inhibit attention to no-longer relevant semantic categories, but only if they have a relatively large vocabulary.,30248216,2018,The Vocabulary Spurt Predicts the Emergence of Backward Semantic Inhibition in 18-month-old Toddlers,Department of Experimental Psychology, University of Oxford, Oxford, UK.,
collections,require,instrumentation,Eight studies augmented current antidepressant treatment with a non-antidepressant (either an anxiolytic (buspirone) or an antipsychotic (cariprazine; olanzapine; quetiapine (3 studies); or ziprasidone (2 studies)).,31846068,2019,Pharmacological Interventions for Treatment-Resistant Depression in Adults,University of Bristol, Population Health Sciences, Bristol Medical School, Canynge Hall, Bristol, UK, BS8 2PS.,
SERMs,prevent,ERalpha+ tumors,The buttocks were augmented through a single intergluteal incision with the use of implants placed in the intramuscular position.,19336115,2003,Gluteoplasty,No data,
aptamers,bind,molecules,This randomized, prospective study in humans shows that administration of a moderate dose of ethanol abolishes IPC occurring during sequential episodes of myocardial ischemia and is associated with worsening ischemia.,18206735,2008,Ethanol Abolishes Ischemic Preconditioning in Humans,Institute of Cardiology, Catholic University of the Sacred Heart, Rome, Italy. gniccoli73@hotmail.it,
imagery@@@imagery@@@imagery,activated@@@activated@@@activated,areas@@@lobule@@@areas,Rather, CCNs bind several groups of multi-ligand receptors as characteristic of other matricellular proteins.,27098435,2016,Cell Surface Receptors for CCN Proteins,Department of Biochemistry and Molecular Genetics, College of Medicine, University of Illinois at Chicago, 900 South Ashland Avenue, Chicago, IL, 60607, USA. lflau@uic.edu.,
trains,activate,regions,In contrast, exposure to constant light, which perturbed the interval of inactivity (sleep) and led to the complete abolishment of activity/inactivity cycles, activated robustly proinflammatory state in the colon selectively via Stat3-dependent pathway.,29039977,2017,Chronic Disruptions of Circadian Sleep Regulation Induce Specific Proinflammatory Responses in the Rat Colon,a Department of Neurohumoral Regulations , Institute of Physiology, Czech Academy of Sciences , Prague , Czech Republic.,
process,inhibits,task,Anandamide, an endogenous agonist at CB(1) receptor also activates the transient receptor potential vanilloid type 1 (TRPV1) channels but at a higher concentration.,22248639,2012,Endocannabinoid Analogues Exacerbate Marble-Burying Behavior in Mice via TRPV1 Receptor,Department of Pharmaceutical Sciences, Rashtrasant Tukadoji Maharaj Nagpur University, Mahatma Jyotiba Fuley Shaikshanik Parisar, Amravati Road, Nagpur 440033, Maharastra, India. umathesn@hotmail.com,
